{"cameraMode":{"drawMode":0,"name":"Shaded","section":"Shading Mode"},"sceneLighting":true,"audioPlay":false,"sceneViewState":{"m_AlwaysRefresh":false,"showFog":true,"showSkybox":true,"showFlares":true,"showImageEffects":true,"showParticleSystems":true,"showVisualEffectGraphs":true,"m_FxEnabled":true},"in2DMode":false,"pivot":{"x":130.64744567871095,"y":-128.4633331298828,"z":538.3687744140625},"rotation":{"x":0.11473990976810456,"y":0.11774138361215592,"z":-0.013705823570489884,"w":0.9863290786743164},"size":293.3293151855469,"orthographic":false}